date,sku_id,qty
2026-07-10,sku_noodles_carton,7
2026-07-10,sku_rice_50kg,3
2026-07-10,sku_cooking_oil_5l,5
2026-07-10,sku_malt_crate,9
2026-07-10,sku_sugar_50kg,2
2026-07-10,sku_evap_milk_case,3
2026-07-11,sku_noodles_carton,7
2026-07-11,sku_rice_50kg,3
2026-07-11,sku_cooking_oil_5l,5
2026-07-11,sku_malt_crate,8
2026-07-11,sku_sugar_50kg,2
2026-07-11,sku_evap_milk_case,4
2026-07-12,sku_noodles_carton,8
2026-07-12,sku_rice_50kg,3
2026-07-12,sku_cooking_oil_5l,4
2026-07-12,sku_malt_crate,7
2026-07-12,sku_sugar_50kg,2
2026-07-12,sku_evap_milk_case,4
2026-07-13,sku_noodles_carton,5
2026-07-13,sku_rice_50kg,2
2026-07-13,sku_cooking_oil_5l,4
2026-07-13,sku_malt_crate,3
2026-07-13,sku_sugar_50kg,2
2026-07-13,sku_evap_milk_case,3
2026-07-14,sku_noodles_carton,6
2026-07-14,sku_rice_50kg,2
2026-07-14,sku_cooking_oil_5l,4
2026-07-14,sku_malt_crate,5
2026-07-14,sku_sugar_50kg,2
2026-07-14,sku_evap_milk_case,2
2026-07-15,sku_noodles_carton,6
2026-07-15,sku_rice_50kg,2
2026-07-15,sku_cooking_oil_5l,2
2026-07-15,sku_malt_crate,4
2026-07-15,sku_sugar_50kg,1
2026-07-15,sku_evap_milk_case,3
2026-07-16,sku_noodles_carton,6
2026-07-16,sku_rice_50kg,2
2026-07-16,sku_cooking_oil_5l,4
2026-07-16,sku_malt_crate,4
2026-07-16,sku_sugar_50kg,2
2026-07-16,sku_evap_milk_case,3
2026-07-17,sku_noodles_carton,7
2026-07-17,sku_rice_50kg,3
2026-07-17,sku_cooking_oil_5l,5
2026-07-17,sku_malt_crate,8
2026-07-17,sku_sugar_50kg,2
2026-07-17,sku_evap_milk_case,4
2026-07-18,sku_noodles_carton,6
2026-07-18,sku_rice_50kg,2
2026-07-18,sku_cooking_oil_5l,5
2026-07-18,sku_malt_crate,9
2026-07-18,sku_sugar_50kg,2
2026-07-18,sku_evap_milk_case,5
2026-07-19,sku_noodles_carton,6
2026-07-19,sku_rice_50kg,2
2026-07-19,sku_cooking_oil_5l,6
2026-07-19,sku_malt_crate,9
2026-07-19,sku_sugar_50kg,2
2026-07-19,sku_evap_milk_case,4
2026-07-20,sku_noodles_carton,6
2026-07-20,sku_rice_50kg,2
2026-07-20,sku_cooking_oil_5l,3
2026-07-20,sku_malt_crate,4
2026-07-20,sku_sugar_50kg,2
2026-07-20,sku_evap_milk_case,2
2026-07-21,sku_noodles_carton,5
2026-07-21,sku_rice_50kg,2
2026-07-21,sku_cooking_oil_5l,4
2026-07-21,sku_malt_crate,5
2026-07-21,sku_sugar_50kg,2
2026-07-21,sku_evap_milk_case,4
2026-07-22,sku_noodles_carton,6
2026-07-22,sku_rice_50kg,2
2026-07-22,sku_cooking_oil_5l,3
2026-07-22,sku_malt_crate,4
2026-07-22,sku_sugar_50kg,2
2026-07-22,sku_evap_milk_case,2
2026-07-23,sku_noodles_carton,5
2026-07-23,sku_rice_50kg,3
2026-07-23,sku_cooking_oil_5l,3
2026-07-23,sku_malt_crate,4
2026-07-23,sku_sugar_50kg,1
2026-07-23,sku_evap_milk_case,2
2026-07-24,sku_noodles_carton,6
2026-07-24,sku_rice_50kg,3
2026-07-24,sku_cooking_oil_5l,6
2026-07-24,sku_malt_crate,8
2026-07-24,sku_sugar_50kg,2
2026-07-24,sku_evap_milk_case,4
2026-07-25,sku_noodles_carton,10
2026-07-25,sku_rice_50kg,4
2026-07-25,sku_cooking_oil_5l,7
2026-07-25,sku_malt_crate,9
2026-07-25,sku_sugar_50kg,3
2026-07-25,sku_evap_milk_case,5
2026-07-26,sku_noodles_carton,10
2026-07-26,sku_rice_50kg,4
2026-07-26,sku_cooking_oil_5l,8
2026-07-26,sku_malt_crate,9
2026-07-26,sku_sugar_50kg,3
2026-07-26,sku_evap_milk_case,5
2026-07-27,sku_noodles_carton,6
2026-07-27,sku_rice_50kg,3
2026-07-27,sku_cooking_oil_5l,5
2026-07-27,sku_malt_crate,7
2026-07-27,sku_sugar_50kg,3
2026-07-27,sku_evap_milk_case,4
2026-07-28,sku_noodles_carton,4
2026-07-28,sku_rice_50kg,4
2026-07-28,sku_cooking_oil_5l,6
2026-07-28,sku_malt_crate,5
2026-07-28,sku_sugar_50kg,2
2026-07-28,sku_evap_milk_case,4
2026-07-29,sku_noodles_carton,8
2026-07-29,sku_rice_50kg,3
2026-07-29,sku_cooking_oil_5l,5
2026-07-29,sku_malt_crate,7
2026-07-29,sku_sugar_50kg,2
2026-07-29,sku_evap_milk_case,4
2026-07-30,sku_noodles_carton,7
2026-07-30,sku_rice_50kg,3
2026-07-30,sku_cooking_oil_5l,5
2026-07-30,sku_malt_crate,4
2026-07-30,sku_sugar_50kg,3
2026-07-30,sku_evap_milk_case,4
2026-07-31,sku_noodles_carton,11
2026-07-31,sku_rice_50kg,4
2026-07-31,sku_cooking_oil_5l,8
2026-07-31,sku_malt_crate,9
2026-07-31,sku_sugar_50kg,3
2026-07-31,sku_evap_milk_case,5
2026-08-01,sku_noodles_carton,11
2026-08-01,sku_rice_50kg,3
2026-08-01,sku_cooking_oil_5l,8
2026-08-01,sku_malt_crate,10
2026-08-01,sku_sugar_50kg,3
2026-08-01,sku_evap_milk_case,5
2026-08-02,sku_noodles_carton,9
2026-08-02,sku_rice_50kg,4
2026-08-02,sku_cooking_oil_5l,6
2026-08-02,sku_malt_crate,10
2026-08-02,sku_sugar_50kg,3
2026-08-02,sku_evap_milk_case,6
2026-08-03,sku_noodles_carton,4
2026-08-03,sku_rice_50kg,2
2026-08-03,sku_cooking_oil_5l,3
2026-08-03,sku_malt_crate,4
2026-08-03,sku_sugar_50kg,2
2026-08-03,sku_evap_milk_case,3
2026-08-04,sku_noodles_carton,6
2026-08-04,sku_rice_50kg,2
2026-08-04,sku_cooking_oil_5l,3
2026-08-04,sku_malt_crate,5
2026-08-04,sku_sugar_50kg,2
2026-08-04,sku_evap_milk_case,3
2026-08-05,sku_noodles_carton,4
2026-08-05,sku_rice_50kg,3
2026-08-05,sku_cooking_oil_5l,4
2026-08-05,sku_malt_crate,5
2026-08-05,sku_sugar_50kg,2
2026-08-05,sku_evap_milk_case,3
2026-08-06,sku_noodles_carton,5
2026-08-06,sku_rice_50kg,3
2026-08-06,sku_cooking_oil_5l,4
2026-08-06,sku_malt_crate,4
2026-08-06,sku_sugar_50kg,2
2026-08-06,sku_evap_milk_case,4
2026-08-07,sku_noodles_carton,7
2026-08-07,sku_rice_50kg,3
2026-08-07,sku_cooking_oil_5l,6
2026-08-07,sku_malt_crate,8
2026-08-07,sku_sugar_50kg,1
2026-08-07,sku_evap_milk_case,4
2026-08-08,sku_noodles_carton,7
2026-08-08,sku_rice_50kg,2
2026-08-08,sku_cooking_oil_5l,6
2026-08-08,sku_malt_crate,9
2026-08-08,sku_sugar_50kg,2
2026-08-08,sku_evap_milk_case,4
2026-08-09,sku_noodles_carton,7
2026-08-09,sku_rice_50kg,2
2026-08-09,sku_cooking_oil_5l,5
2026-08-09,sku_malt_crate,8
2026-08-09,sku_sugar_50kg,2
2026-08-09,sku_evap_milk_case,4
2026-08-10,sku_noodles_carton,5
2026-08-10,sku_rice_50kg,2
2026-08-10,sku_cooking_oil_5l,4
2026-08-10,sku_malt_crate,5
2026-08-10,sku_sugar_50kg,2
2026-08-10,sku_evap_milk_case,3
2026-08-11,sku_noodles_carton,5
2026-08-11,sku_rice_50kg,3
2026-08-11,sku_cooking_oil_5l,2
2026-08-11,sku_malt_crate,5
2026-08-11,sku_sugar_50kg,2
2026-08-11,sku_evap_milk_case,3
2026-08-12,sku_noodles_carton,7
2026-08-12,sku_rice_50kg,2
2026-08-12,sku_cooking_oil_5l,6
2026-08-12,sku_malt_crate,4
2026-08-12,sku_sugar_50kg,2
2026-08-12,sku_evap_milk_case,3
2026-08-13,sku_noodles_carton,4
2026-08-13,sku_rice_50kg,2
2026-08-13,sku_cooking_oil_5l,4
2026-08-13,sku_malt_crate,5
2026-08-13,sku_sugar_50kg,1
2026-08-13,sku_evap_milk_case,4
2026-08-14,sku_noodles_carton,7
2026-08-14,sku_rice_50kg,3
2026-08-14,sku_cooking_oil_5l,4
2026-08-14,sku_malt_crate,8
2026-08-14,sku_sugar_50kg,3
2026-08-14,sku_evap_milk_case,3
2026-08-15,sku_noodles_carton,6
2026-08-15,sku_rice_50kg,2
2026-08-15,sku_cooking_oil_5l,5
2026-08-15,sku_malt_crate,9
2026-08-15,sku_sugar_50kg,2
2026-08-15,sku_evap_milk_case,3
2026-08-16,sku_noodles_carton,5
2026-08-16,sku_rice_50kg,2
2026-08-16,sku_cooking_oil_5l,6
2026-08-16,sku_malt_crate,9
2026-08-16,sku_sugar_50kg,1
2026-08-16,sku_evap_milk_case,4
2026-08-17,sku_noodles_carton,6
2026-08-17,sku_rice_50kg,3
2026-08-17,sku_cooking_oil_5l,4
2026-08-17,sku_malt_crate,5
2026-08-17,sku_sugar_50kg,1
2026-08-17,sku_evap_milk_case,2
2026-08-18,sku_noodles_carton,5
2026-08-18,sku_rice_50kg,2
2026-08-18,sku_cooking_oil_5l,4
2026-08-18,sku_malt_crate,4
2026-08-18,sku_sugar_50kg,1
2026-08-18,sku_evap_milk_case,2
2026-08-19,sku_noodles_carton,4
2026-08-19,sku_rice_50kg,2
2026-08-19,sku_cooking_oil_5l,2
2026-08-19,sku_malt_crate,4
2026-08-19,sku_sugar_50kg,2
2026-08-19,sku_evap_milk_case,4
2026-08-20,sku_noodles_carton,5
2026-08-20,sku_rice_50kg,3
2026-08-20,sku_cooking_oil_5l,3
2026-08-20,sku_malt_crate,4
2026-08-20,sku_sugar_50kg,2
2026-08-20,sku_evap_milk_case,4
2026-08-21,sku_noodles_carton,8
2026-08-21,sku_rice_50kg,3
2026-08-21,sku_cooking_oil_5l,7
2026-08-21,sku_malt_crate,8
2026-08-21,sku_sugar_50kg,2
2026-08-21,sku_evap_milk_case,4
2026-08-22,sku_noodles_carton,7
2026-08-22,sku_rice_50kg,4
2026-08-22,sku_cooking_oil_5l,6
2026-08-22,sku_malt_crate,7
2026-08-22,sku_sugar_50kg,2
2026-08-22,sku_evap_milk_case,4
2026-08-23,sku_noodles_carton,8
2026-08-23,sku_rice_50kg,2
2026-08-23,sku_cooking_oil_5l,3
2026-08-23,sku_malt_crate,6
2026-08-23,sku_sugar_50kg,2
2026-08-23,sku_evap_milk_case,4
2026-08-24,sku_noodles_carton,5
2026-08-24,sku_rice_50kg,2
2026-08-24,sku_cooking_oil_5l,3
2026-08-24,sku_malt_crate,3
2026-08-24,sku_sugar_50kg,2
2026-08-24,sku_evap_milk_case,3
2026-08-25,sku_noodles_carton,7
2026-08-25,sku_rice_50kg,4
2026-08-25,sku_cooking_oil_5l,5
2026-08-25,sku_malt_crate,7
2026-08-25,sku_sugar_50kg,2
2026-08-25,sku_evap_milk_case,4
2026-08-26,sku_noodles_carton,6
2026-08-26,sku_rice_50kg,3
2026-08-26,sku_cooking_oil_5l,4
2026-08-26,sku_malt_crate,6
2026-08-26,sku_sugar_50kg,2
2026-08-26,sku_evap_milk_case,4
2026-08-27,sku_noodles_carton,6
2026-08-27,sku_rice_50kg,3
2026-08-27,sku_cooking_oil_5l,7
2026-08-27,sku_malt_crate,5
2026-08-27,sku_sugar_50kg,2
2026-08-27,sku_evap_milk_case,4
2026-08-28,sku_noodles_carton,9
2026-08-28,sku_rice_50kg,3
2026-08-28,sku_cooking_oil_5l,7
2026-08-28,sku_malt_crate,10
2026-08-28,sku_sugar_50kg,3
2026-08-28,sku_evap_milk_case,6
2026-08-29,sku_noodles_carton,10
2026-08-29,sku_rice_50kg,4
2026-08-29,sku_cooking_oil_5l,7
2026-08-29,sku_malt_crate,9
2026-08-29,sku_sugar_50kg,3
2026-08-29,sku_evap_milk_case,5
2026-08-30,sku_noodles_carton,8
2026-08-30,sku_rice_50kg,5
2026-08-30,sku_cooking_oil_5l,7
2026-08-30,sku_malt_crate,8
2026-08-30,sku_sugar_50kg,3
2026-08-30,sku_evap_milk_case,5
2026-08-31,sku_noodles_carton,7
2026-08-31,sku_rice_50kg,4
2026-08-31,sku_cooking_oil_5l,6
2026-08-31,sku_malt_crate,4
2026-08-31,sku_sugar_50kg,2
2026-08-31,sku_evap_milk_case,4
2026-09-01,sku_noodles_carton,8
2026-09-01,sku_rice_50kg,4
2026-09-01,sku_cooking_oil_5l,7
2026-09-01,sku_malt_crate,4
2026-09-01,sku_sugar_50kg,3
2026-09-01,sku_evap_milk_case,3
2026-09-02,sku_noodles_carton,8
2026-09-02,sku_rice_50kg,3
2026-09-02,sku_cooking_oil_5l,4
2026-09-02,sku_malt_crate,7
2026-09-02,sku_sugar_50kg,3
2026-09-02,sku_evap_milk_case,3
2026-09-03,sku_noodles_carton,5
2026-09-03,sku_rice_50kg,2
2026-09-03,sku_cooking_oil_5l,4
2026-09-03,sku_malt_crate,4
2026-09-03,sku_sugar_50kg,2
2026-09-03,sku_evap_milk_case,2
2026-09-04,sku_noodles_carton,7
2026-09-04,sku_rice_50kg,3
2026-09-04,sku_cooking_oil_5l,4
2026-09-04,sku_malt_crate,8
2026-09-04,sku_sugar_50kg,2
2026-09-04,sku_evap_milk_case,3
2026-09-05,sku_noodles_carton,8
2026-09-05,sku_rice_50kg,3
2026-09-05,sku_cooking_oil_5l,4
2026-09-05,sku_malt_crate,10
2026-09-05,sku_sugar_50kg,2
2026-09-05,sku_evap_milk_case,4
2026-09-06,sku_noodles_carton,6
2026-09-06,sku_rice_50kg,2
2026-09-06,sku_cooking_oil_5l,6
2026-09-06,sku_malt_crate,8
2026-09-06,sku_sugar_50kg,2
2026-09-06,sku_evap_milk_case,4
2026-09-07,sku_noodles_carton,6
2026-09-07,sku_rice_50kg,2
2026-09-07,sku_cooking_oil_5l,4
2026-09-07,sku_malt_crate,4
2026-09-07,sku_sugar_50kg,2
2026-09-07,sku_evap_milk_case,3
2026-09-08,sku_noodles_carton,5
2026-09-08,sku_rice_50kg,2
2026-09-08,sku_cooking_oil_5l,3
2026-09-08,sku_malt_crate,4
2026-09-08,sku_sugar_50kg,1
2026-09-08,sku_evap_milk_case,3
2026-09-09,sku_noodles_carton,5
2026-09-09,sku_rice_50kg,3
2026-09-09,sku_cooking_oil_5l,6
2026-09-09,sku_malt_crate,5
2026-09-09,sku_sugar_50kg,1
2026-09-09,sku_evap_milk_case,3
2026-09-10,sku_noodles_carton,5
2026-09-10,sku_rice_50kg,2
2026-09-10,sku_cooking_oil_5l,4
2026-09-10,sku_malt_crate,5
2026-09-10,sku_sugar_50kg,2
2026-09-10,sku_evap_milk_case,2
2026-09-11,sku_noodles_carton,6
2026-09-11,sku_rice_50kg,3
2026-09-11,sku_cooking_oil_5l,5
2026-09-11,sku_malt_crate,7
2026-09-11,sku_sugar_50kg,2
2026-09-11,sku_evap_milk_case,4
2026-09-12,sku_noodles_carton,6
2026-09-12,sku_rice_50kg,3
2026-09-12,sku_cooking_oil_5l,5
2026-09-12,sku_malt_crate,9
2026-09-12,sku_sugar_50kg,2
2026-09-12,sku_evap_milk_case,3
2026-09-13,sku_noodles_carton,8
2026-09-13,sku_rice_50kg,2
2026-09-13,sku_cooking_oil_5l,5
2026-09-13,sku_malt_crate,9
2026-09-13,sku_sugar_50kg,2
2026-09-13,sku_evap_milk_case,4
2026-09-14,sku_noodles_carton,4
2026-09-14,sku_rice_50kg,2
2026-09-14,sku_cooking_oil_5l,3
2026-09-14,sku_malt_crate,4
2026-09-14,sku_sugar_50kg,2
2026-09-14,sku_evap_milk_case,3
2026-09-15,sku_noodles_carton,3
2026-09-15,sku_rice_50kg,2
2026-09-15,sku_cooking_oil_5l,4
2026-09-15,sku_malt_crate,4
2026-09-15,sku_sugar_50kg,2
2026-09-15,sku_evap_milk_case,3
2026-09-16,sku_noodles_carton,4
2026-09-16,sku_rice_50kg,2
2026-09-16,sku_cooking_oil_5l,4
2026-09-16,sku_malt_crate,3
2026-09-16,sku_sugar_50kg,2
2026-09-16,sku_evap_milk_case,2
2026-09-17,sku_noodles_carton,5
2026-09-17,sku_rice_50kg,2
2026-09-17,sku_cooking_oil_5l,4
2026-09-17,sku_malt_crate,6
2026-09-17,sku_sugar_50kg,2
2026-09-17,sku_evap_milk_case,3
2026-09-18,sku_noodles_carton,6
2026-09-18,sku_rice_50kg,3
2026-09-18,sku_cooking_oil_5l,5
2026-09-18,sku_malt_crate,9
2026-09-18,sku_sugar_50kg,2
2026-09-18,sku_evap_milk_case,4
2026-09-19,sku_noodles_carton,7
2026-09-19,sku_rice_50kg,3
2026-09-19,sku_cooking_oil_5l,5
2026-09-19,sku_malt_crate,7
2026-09-19,sku_sugar_50kg,2
2026-09-19,sku_evap_milk_case,4
2026-09-20,sku_noodles_carton,8
2026-09-20,sku_rice_50kg,4
2026-09-20,sku_cooking_oil_5l,5
2026-09-20,sku_malt_crate,8
2026-09-20,sku_sugar_50kg,2
2026-09-20,sku_evap_milk_case,5
2026-09-21,sku_noodles_carton,3
2026-09-21,sku_rice_50kg,2
2026-09-21,sku_cooking_oil_5l,3
2026-09-21,sku_malt_crate,2
2026-09-21,sku_sugar_50kg,1
2026-09-21,sku_evap_milk_case,2
2026-09-22,sku_noodles_carton,6
2026-09-22,sku_rice_50kg,2
2026-09-22,sku_cooking_oil_5l,4
2026-09-22,sku_malt_crate,3
2026-09-22,sku_sugar_50kg,2
2026-09-22,sku_evap_milk_case,2
2026-09-23,sku_noodles_carton,6
2026-09-23,sku_rice_50kg,2
2026-09-23,sku_cooking_oil_5l,3
2026-09-23,sku_malt_crate,5
2026-09-23,sku_sugar_50kg,2
2026-09-23,sku_evap_milk_case,4
2026-09-24,sku_noodles_carton,5
2026-09-24,sku_rice_50kg,2
2026-09-24,sku_cooking_oil_5l,3
2026-09-24,sku_malt_crate,4
2026-09-24,sku_sugar_50kg,2
2026-09-24,sku_evap_milk_case,3
2026-09-25,sku_noodles_carton,9
2026-09-25,sku_rice_50kg,4
2026-09-25,sku_cooking_oil_5l,7
2026-09-25,sku_malt_crate,10
2026-09-25,sku_sugar_50kg,3
2026-09-25,sku_evap_milk_case,6
2026-09-26,sku_noodles_carton,9
2026-09-26,sku_rice_50kg,4
2026-09-26,sku_cooking_oil_5l,6
2026-09-26,sku_malt_crate,10
2026-09-26,sku_sugar_50kg,2
2026-09-26,sku_evap_milk_case,5
2026-09-27,sku_noodles_carton,7
2026-09-27,sku_rice_50kg,4
2026-09-27,sku_cooking_oil_5l,6
2026-09-27,sku_malt_crate,9
2026-09-27,sku_sugar_50kg,3
2026-09-27,sku_evap_milk_case,4
2026-09-28,sku_noodles_carton,6
2026-09-28,sku_rice_50kg,3
2026-09-28,sku_cooking_oil_5l,5
2026-09-28,sku_malt_crate,7
2026-09-28,sku_sugar_50kg,3
2026-09-28,sku_evap_milk_case,3
2026-09-29,sku_noodles_carton,5
2026-09-29,sku_rice_50kg,4
2026-09-29,sku_cooking_oil_5l,4
2026-09-29,sku_malt_crate,5
2026-09-29,sku_sugar_50kg,2
2026-09-29,sku_evap_milk_case,4
2026-09-30,sku_noodles_carton,6
2026-09-30,sku_rice_50kg,3
2026-09-30,sku_cooking_oil_5l,5
2026-09-30,sku_malt_crate,7
2026-09-30,sku_sugar_50kg,2
2026-09-30,sku_evap_milk_case,4
2026-10-01,sku_noodles_carton,6
2026-10-01,sku_rice_50kg,3
2026-10-01,sku_cooking_oil_5l,5
2026-10-01,sku_malt_crate,5
2026-10-01,sku_sugar_50kg,2
2026-10-01,sku_evap_milk_case,4
2026-10-02,sku_noodles_carton,11
2026-10-02,sku_rice_50kg,4
2026-10-02,sku_cooking_oil_5l,7
2026-10-02,sku_malt_crate,10
2026-10-02,sku_sugar_50kg,3
2026-10-02,sku_evap_milk_case,5
2026-10-03,sku_noodles_carton,7
2026-10-03,sku_rice_50kg,3
2026-10-03,sku_cooking_oil_5l,5
2026-10-03,sku_malt_crate,7
2026-10-03,sku_sugar_50kg,2
2026-10-03,sku_evap_milk_case,3
2026-10-04,sku_noodles_carton,7
2026-10-04,sku_rice_50kg,3
2026-10-04,sku_cooking_oil_5l,6
2026-10-04,sku_malt_crate,8
2026-10-04,sku_sugar_50kg,2
2026-10-04,sku_evap_milk_case,4
2026-10-05,sku_noodles_carton,4
2026-10-05,sku_rice_50kg,2
2026-10-05,sku_cooking_oil_5l,3
2026-10-05,sku_malt_crate,3
2026-10-05,sku_sugar_50kg,2
2026-10-05,sku_evap_milk_case,3
2026-10-06,sku_noodles_carton,6
2026-10-06,sku_rice_50kg,2
2026-10-06,sku_cooking_oil_5l,5
2026-10-06,sku_malt_crate,5
2026-10-06,sku_sugar_50kg,2
2026-10-06,sku_evap_milk_case,3
2026-10-07,sku_noodles_carton,4
2026-10-07,sku_rice_50kg,1
2026-10-07,sku_cooking_oil_5l,4
2026-10-07,sku_malt_crate,6
2026-10-07,sku_sugar_50kg,2
2026-10-07,sku_evap_milk_case,3
